map_id,failure_mode_id,cbm_id,indicators
1,1,10,auto-mapped
2,1,16,auto-mapped
3,2,1,auto-mapped
4,2,3,auto-mapped
5,2,8,auto-mapped
6,2,22,auto-mapped
7,3,6,auto-mapped
8,3,23,auto-mapped
9,3,24,auto-mapped
10,4,1,auto-mapped
11,4,13,auto-mapped
12,4,19,auto-mapped
13,5,4,auto-mapped
14,5,18,auto-mapped
15,6,1,auto-mapped
16,6,5,auto-mapped
17,6,6,auto-mapped
18,6,10,auto-mapped
19,7,2,auto-mapped
20,7,3,auto-mapped
21,7,10,auto-mapped
22,7,18,auto-mapped
23,8,2,auto-mapped
24,8,4,auto-mapped
25,9,16,auto-mapped
26,9,20,auto-mapped
27,10,1,auto-mapped
28,10,5,auto-mapped
29,10,6,auto-mapped
30,10,19,auto-mapped
31,11,1,auto-mapped
32,11,5,auto-mapped
33,11,6,auto-mapped
34,11,19,auto-mapped
35,12,3,auto-mapped
36,12,10,auto-mapped
37,13,2,auto-mapped
38,13,9,auto-mapped
39,13,22,auto-mapped
40,14,10,auto-mapped
41,14,16,auto-mapped
42,15,1,auto-mapped
43,15,23,auto-mapped
44,16,1,auto-mapped
45,16,5,auto-mapped
46,16,6,auto-mapped
47,16,10,auto-mapped
48,17,1,auto-mapped
49,17,12,auto-mapped
50,17,19,auto-mapped
51,18,1,auto-mapped
52,18,12,auto-mapped
53,18,19,auto-mapped
54,19,1,auto-mapped
55,19,5,auto-mapped
56,19,6,auto-mapped
57,19,10,auto-mapped
58,20,10,auto-mapped
59,20,25,auto-mapped
60,21,1,auto-mapped
61,21,21,auto-mapped
62,22,2,auto-mapped
63,22,4,auto-mapped
64,22,11,auto-mapped
65,23,2,auto-mapped
66,23,4,auto-mapped
67,23,6,auto-mapped
68,23,11,auto-mapped
69,23,23,auto-mapped
70,23,24,auto-mapped
71,24,1,auto-mapped
72,24,5,auto-mapped
73,24,6,auto-mapped
74,24,19,auto-mapped
75,25,2,auto-mapped
76,25,4,auto-mapped
77,25,11,auto-mapped
78,26,2,auto-mapped
79,26,9,auto-mapped
80,26,22,auto-mapped
81,27,1,auto-mapped
82,27,21,auto-mapped
83,28,10,auto-mapped
84,28,16,auto-mapped
85,29,6,auto-mapped
86,29,23,auto-mapped
87,29,24,auto-mapped
88,30,10,auto-mapped
89,30,16,auto-mapped
90,31,1,auto-mapped
91,31,3,auto-mapped
92,31,8,auto-mapped
93,31,22,auto-mapped
94,32,6,auto-mapped
95,32,23,auto-mapped
96,32,24,auto-mapped
97,33,1,auto-mapped
98,33,13,auto-mapped
99,33,19,auto-mapped
100,34,4,auto-mapped
101,34,18,auto-mapped
102,35,1,auto-mapped
103,35,5,auto-mapped
104,35,6,auto-mapped
105,35,10,auto-mapped
106,36,2,auto-mapped
107,36,3,auto-mapped
108,36,10,auto-mapped
109,36,18,auto-mapped
110,37,2,auto-mapped
111,37,4,auto-mapped
112,38,16,auto-mapped
113,38,20,auto-mapped
114,39,1,auto-mapped
115,39,5,auto-mapped
116,39,6,auto-mapped
117,39,19,auto-mapped
118,40,1,auto-mapped
119,40,5,auto-mapped
120,40,6,auto-mapped
121,40,19,auto-mapped
122,41,3,auto-mapped
123,41,10,auto-mapped
124,42,2,auto-mapped
125,42,9,auto-mapped
126,42,22,auto-mapped
127,43,10,auto-mapped
128,43,16,auto-mapped
129,44,1,auto-mapped
130,44,23,auto-mapped
131,45,1,auto-mapped
132,45,5,auto-mapped
133,45,6,auto-mapped
134,45,10,auto-mapped
135,46,1,auto-mapped
136,46,12,auto-mapped
137,46,19,auto-mapped
138,47,1,auto-mapped
139,47,12,auto-mapped
140,47,19,auto-mapped
141,48,1,auto-mapped
142,48,5,auto-mapped
143,48,6,auto-mapped
144,48,10,auto-mapped
145,49,10,auto-mapped
146,49,25,auto-mapped
147,50,1,auto-mapped
148,50,21,auto-mapped
149,51,2,auto-mapped
150,51,4,auto-mapped
151,51,11,auto-mapped
152,52,2,auto-mapped
153,52,4,auto-mapped
154,52,6,auto-mapped
155,52,11,auto-mapped
156,52,23,auto-mapped
157,52,24,auto-mapped
158,53,1,auto-mapped
159,53,5,auto-mapped
160,53,6,auto-mapped
161,53,19,auto-mapped
162,54,2,auto-mapped
163,54,4,auto-mapped
164,54,11,auto-mapped
165,55,2,auto-mapped
166,55,9,auto-mapped
167,55,22,auto-mapped
168,56,1,auto-mapped
169,56,21,auto-mapped
170,57,10,auto-mapped
171,57,16,auto-mapped
172,58,6,auto-mapped
173,58,23,auto-mapped
174,58,24,auto-mapped
175,59,10,auto-mapped
176,59,16,auto-mapped
177,60,1,auto-mapped
178,60,3,auto-mapped
179,60,8,auto-mapped
180,60,22,auto-mapped
181,61,6,auto-mapped
182,61,23,auto-mapped
183,61,24,auto-mapped
184,62,1,auto-mapped
185,62,13,auto-mapped
186,62,19,auto-mapped
187,63,4,auto-mapped
188,63,18,auto-mapped
189,64,1,auto-mapped
190,64,5,auto-mapped
191,64,6,auto-mapped
192,64,10,auto-mapped
193,65,2,auto-mapped
194,65,3,auto-mapped
195,65,10,auto-mapped
196,65,18,auto-mapped
197,66,2,auto-mapped
198,66,4,auto-mapped
199,67,16,auto-mapped
200,67,20,auto-mapped
201,68,1,auto-mapped
202,68,5,auto-mapped
203,68,6,auto-mapped
204,68,19,auto-mapped
205,69,1,auto-mapped
206,69,5,auto-mapped
207,69,6,auto-mapped
208,69,19,auto-mapped
209,70,3,auto-mapped
210,70,10,auto-mapped
211,71,2,auto-mapped
212,71,9,auto-mapped
213,71,22,auto-mapped
214,72,10,auto-mapped
215,72,16,auto-mapped
216,73,1,auto-mapped
217,73,23,auto-mapped
218,74,1,auto-mapped
219,74,5,auto-mapped
220,74,6,auto-mapped
221,74,10,auto-mapped
222,75,1,auto-mapped
223,75,12,auto-mapped
224,75,19,auto-mapped
225,76,1,auto-mapped
226,76,12,auto-mapped
227,76,19,auto-mapped
228,77,1,auto-mapped
229,77,5,auto-mapped
230,77,6,auto-mapped
231,77,10,auto-mapped
232,78,10,auto-mapped
233,78,25,auto-mapped
234,79,1,auto-mapped
235,79,21,auto-mapped
236,80,2,auto-mapped
237,80,4,auto-mapped
238,80,11,auto-mapped
239,81,2,auto-mapped
240,81,4,auto-mapped
241,81,6,auto-mapped
242,81,11,auto-mapped
243,81,23,auto-mapped
244,81,24,auto-mapped
245,82,1,auto-mapped
246,82,5,auto-mapped
247,82,6,auto-mapped
248,82,19,auto-mapped
249,83,2,auto-mapped
250,83,4,auto-mapped
251,83,11,auto-mapped
252,84,2,auto-mapped
253,84,9,auto-mapped
254,84,22,auto-mapped
255,85,1,auto-mapped
256,85,21,auto-mapped
257,86,10,auto-mapped
258,86,16,auto-mapped
259,87,6,auto-mapped
260,87,23,auto-mapped
261,87,24,auto-mapped
262,88,2,auto-mapped
263,88,8,auto-mapped
264,88,9,auto-mapped
265,88,15,auto-mapped
266,89,10,auto-mapped
267,89,16,auto-mapped
268,90,6,auto-mapped
269,90,23,auto-mapped
270,90,24,auto-mapped
271,91,11,auto-mapped
272,91,21,auto-mapped
273,92,2,auto-mapped
274,92,13,auto-mapped
275,93,19,auto-mapped
276,93,22,auto-mapped
277,94,21,auto-mapped
278,94,24,auto-mapped
279,95,13,auto-mapped
280,95,15,auto-mapped
281,96,6,auto-mapped
282,96,23,auto-mapped
283,96,24,auto-mapped
284,97,8,auto-mapped
285,97,15,auto-mapped
286,98,2,auto-mapped
287,98,3,auto-mapped
288,98,10,auto-mapped
289,98,18,auto-mapped
290,99,19,auto-mapped
291,99,20,auto-mapped
292,100,9,auto-mapped
293,100,24,auto-mapped
294,101,8,auto-mapped
295,101,22,auto-mapped
296,102,2,auto-mapped
297,102,8,auto-mapped
298,102,9,auto-mapped
299,102,15,auto-mapped
300,103,10,auto-mapped
301,103,16,auto-mapped
302,104,6,auto-mapped
303,104,23,auto-mapped
304,104,24,auto-mapped
305,105,11,auto-mapped
306,105,21,auto-mapped
307,106,2,auto-mapped
308,106,13,auto-mapped
309,107,19,auto-mapped
310,107,22,auto-mapped
311,108,21,auto-mapped
312,108,24,auto-mapped
313,109,13,auto-mapped
314,109,15,auto-mapped
315,110,6,auto-mapped
316,110,23,auto-mapped
317,110,24,auto-mapped
318,111,8,auto-mapped
319,111,15,auto-mapped
320,112,2,auto-mapped
321,112,3,auto-mapped
322,112,10,auto-mapped
323,112,18,auto-mapped
324,113,19,auto-mapped
325,113,20,auto-mapped
326,114,9,auto-mapped
327,114,24,auto-mapped
328,115,8,auto-mapped
329,115,22,auto-mapped
330,116,1,auto-mapped
331,116,3,auto-mapped
332,116,8,auto-mapped
333,116,22,auto-mapped
334,117,2,auto-mapped
335,117,9,auto-mapped
336,117,22,auto-mapped
337,118,2,auto-mapped
338,118,3,auto-mapped
339,118,10,auto-mapped
340,119,3,auto-mapped
341,119,16,auto-mapped
342,120,1,auto-mapped
343,120,5,auto-mapped
344,120,6,auto-mapped
345,120,10,auto-mapped
346,121,2,auto-mapped
347,121,3,auto-mapped
348,121,10,auto-mapped
349,121,18,auto-mapped
350,122,7,auto-mapped
351,122,8,auto-mapped
352,122,10,auto-mapped
353,123,17,auto-mapped
354,123,18,auto-mapped
355,124,10,auto-mapped
356,124,16,auto-mapped
357,125,6,auto-mapped
358,125,23,auto-mapped
359,125,24,auto-mapped
360,126,10,auto-mapped
361,126,16,auto-mapped
362,127,6,auto-mapped
363,127,23,auto-mapped
364,127,24,auto-mapped
365,128,16,auto-mapped
366,128,17,auto-mapped
367,129,4,auto-mapped
368,129,24,auto-mapped
369,130,4,auto-mapped
370,130,23,auto-mapped
371,131,8,auto-mapped
372,131,9,auto-mapped
373,131,22,auto-mapped
374,132,12,auto-mapped
375,132,13,auto-mapped
376,133,8,auto-mapped
377,133,9,auto-mapped
378,133,22,auto-mapped
379,134,10,auto-mapped
380,134,16,auto-mapped
381,135,1,auto-mapped
382,135,3,auto-mapped
383,135,8,auto-mapped
384,135,22,auto-mapped
385,136,2,auto-mapped
386,136,9,auto-mapped
387,136,22,auto-mapped
388,137,2,auto-mapped
389,137,3,auto-mapped
390,137,10,auto-mapped
391,138,2,auto-mapped
392,138,3,auto-mapped
393,138,10,auto-mapped
394,138,18,auto-mapped
395,139,7,auto-mapped
396,139,8,auto-mapped
397,139,10,auto-mapped
398,140,17,auto-mapped
399,140,18,auto-mapped
400,141,4,auto-mapped
401,141,18,auto-mapped
402,142,2,auto-mapped
403,142,3,auto-mapped
404,142,10,auto-mapped
405,142,18,auto-mapped
406,143,3,auto-mapped
407,143,15,auto-mapped
408,144,16,auto-mapped
409,144,17,auto-mapped
410,145,4,auto-mapped
411,145,24,auto-mapped
412,146,4,auto-mapped
413,146,23,auto-mapped
414,147,1,auto-mapped
415,147,5,auto-mapped
416,147,6,auto-mapped
417,147,10,auto-mapped
418,148,6,auto-mapped
419,148,23,auto-mapped
420,148,24,auto-mapped
421,149,2,auto-mapped
422,149,3,auto-mapped
423,149,10,auto-mapped
424,149,18,auto-mapped
425,150,7,auto-mapped
426,150,8,auto-mapped
427,150,10,auto-mapped
428,151,4,auto-mapped
429,151,13,auto-mapped
430,152,1,auto-mapped
431,152,2,auto-mapped
432,152,3,auto-mapped
433,152,5,auto-mapped
434,152,6,auto-mapped
435,152,10,auto-mapped
436,153,2,auto-mapped
437,153,3,auto-mapped
438,153,10,auto-mapped
439,153,18,auto-mapped
440,154,1,auto-mapped
441,154,5,auto-mapped
442,154,6,auto-mapped
443,154,10,auto-mapped
444,155,19,auto-mapped
445,155,22,auto-mapped
446,156,8,auto-mapped
447,156,9,auto-mapped
448,156,22,auto-mapped
449,157,12,auto-mapped
450,157,14,auto-mapped
451,158,2,auto-mapped
452,158,9,auto-mapped
453,158,22,auto-mapped
454,159,2,auto-mapped
455,159,4,auto-mapped
456,159,11,auto-mapped
457,160,1,auto-mapped
458,160,5,auto-mapped
459,160,6,auto-mapped
460,160,10,auto-mapped
461,161,4,auto-mapped
462,161,13,auto-mapped
463,162,6,auto-mapped
464,162,23,auto-mapped
465,162,24,auto-mapped
466,163,2,auto-mapped
467,163,3,auto-mapped
468,163,10,auto-mapped
469,163,18,auto-mapped
470,164,21,auto-mapped
471,164,24,auto-mapped
472,165,8,auto-mapped
473,165,21,auto-mapped
474,166,7,auto-mapped
475,166,8,auto-mapped
476,166,10,auto-mapped
477,167,2,auto-mapped
478,167,3,auto-mapped
479,167,10,auto-mapped
480,167,18,auto-mapped
481,168,13,auto-mapped
482,168,24,auto-mapped
483,169,6,auto-mapped
484,169,23,auto-mapped
485,169,24,auto-mapped
486,170,1,auto-mapped
487,170,5,auto-mapped
488,170,6,auto-mapped
489,170,10,auto-mapped
490,171,1,auto-mapped
491,171,5,auto-mapped
492,171,6,auto-mapped
493,171,19,auto-mapped
494,172,1,auto-mapped
495,172,5,auto-mapped
496,172,6,auto-mapped
497,172,19,auto-mapped
498,173,3,auto-mapped
499,173,10,auto-mapped
500,174,2,auto-mapped
501,174,9,auto-mapped
502,174,22,auto-mapped
503,175,10,auto-mapped
504,175,16,auto-mapped
505,176,1,auto-mapped
506,176,23,auto-mapped
507,177,2,auto-mapped
508,177,4,auto-mapped
509,177,11,auto-mapped
510,178,2,auto-mapped
511,178,4,auto-mapped
512,178,6,auto-mapped
513,178,11,auto-mapped
514,178,23,auto-mapped
515,178,24,auto-mapped
516,179,1,auto-mapped
517,179,5,auto-mapped
518,179,6,auto-mapped
519,179,19,auto-mapped
520,180,2,auto-mapped
521,180,4,auto-mapped
522,180,11,auto-mapped
523,181,2,auto-mapped
524,181,9,auto-mapped
525,181,22,auto-mapped
526,182,1,auto-mapped
527,182,12,auto-mapped
528,182,19,auto-mapped
529,183,1,auto-mapped
530,183,5,auto-mapped
531,183,6,auto-mapped
532,183,10,auto-mapped
533,184,10,auto-mapped
534,184,25,auto-mapped
535,185,1,auto-mapped
536,185,21,auto-mapped
537,186,1,auto-mapped
538,186,13,auto-mapped
539,186,19,auto-mapped
540,187,6,auto-mapped
541,187,23,auto-mapped
542,187,24,auto-mapped
543,188,1,auto-mapped
544,188,5,auto-mapped
545,188,6,auto-mapped
546,188,19,auto-mapped
547,189,1,auto-mapped
548,189,5,auto-mapped
549,189,6,auto-mapped
550,189,19,auto-mapped
551,190,3,auto-mapped
552,190,10,auto-mapped
553,191,2,auto-mapped
554,191,9,auto-mapped
555,191,22,auto-mapped
556,192,10,auto-mapped
557,192,16,auto-mapped
558,193,1,auto-mapped
559,193,23,auto-mapped
560,194,2,auto-mapped
561,194,4,auto-mapped
562,194,11,auto-mapped
563,195,2,auto-mapped
564,195,4,auto-mapped
565,195,6,auto-mapped
566,195,11,auto-mapped
567,195,23,auto-mapped
568,195,24,auto-mapped
569,196,1,auto-mapped
570,196,5,auto-mapped
571,196,6,auto-mapped
572,196,19,auto-mapped
573,197,2,auto-mapped
574,197,4,auto-mapped
575,197,11,auto-mapped
576,198,2,auto-mapped
577,198,9,auto-mapped
578,198,22,auto-mapped
579,199,2,auto-mapped
580,199,3,auto-mapped
581,199,10,auto-mapped
582,199,18,auto-mapped
583,200,1,auto-mapped
584,200,5,auto-mapped
585,200,6,auto-mapped
586,200,10,auto-mapped
587,201,19,auto-mapped
588,201,22,auto-mapped
589,202,10,auto-mapped
590,202,16,auto-mapped
591,203,2,auto-mapped
592,203,3,auto-mapped
593,203,10,auto-mapped
594,203,18,auto-mapped
595,204,1,auto-mapped
596,204,21,auto-mapped
597,205,6,auto-mapped
598,205,23,auto-mapped
599,205,24,auto-mapped
600,206,1,auto-mapped
601,206,13,auto-mapped
602,206,19,auto-mapped
603,207,6,auto-mapped
604,207,23,auto-mapped
605,207,24,auto-mapped
606,208,1,auto-mapped
607,208,5,auto-mapped
608,208,6,auto-mapped
609,208,19,auto-mapped
610,209,1,auto-mapped
611,209,5,auto-mapped
612,209,6,auto-mapped
613,209,19,auto-mapped
614,210,3,auto-mapped
615,210,10,auto-mapped
616,211,2,auto-mapped
617,211,9,auto-mapped
618,211,22,auto-mapped
619,212,10,auto-mapped
620,212,16,auto-mapped
621,213,1,auto-mapped
622,213,23,auto-mapped
623,214,2,auto-mapped
624,214,4,auto-mapped
625,214,11,auto-mapped
626,215,2,auto-mapped
627,215,4,auto-mapped
628,215,6,auto-mapped
629,215,11,auto-mapped
630,215,23,auto-mapped
631,215,24,auto-mapped
632,216,1,auto-mapped
633,216,5,auto-mapped
634,216,6,auto-mapped
635,216,19,auto-mapped
636,217,2,auto-mapped
637,217,4,auto-mapped
638,217,11,auto-mapped
639,218,2,auto-mapped
640,218,9,auto-mapped
641,218,22,auto-mapped
642,219,2,auto-mapped
643,219,3,auto-mapped
644,219,10,auto-mapped
645,219,18,auto-mapped
646,220,1,auto-mapped
647,220,5,auto-mapped
648,220,6,auto-mapped
649,220,10,auto-mapped
650,221,19,auto-mapped
651,221,22,auto-mapped
652,222,4,auto-mapped
653,222,18,auto-mapped
654,223,3,auto-mapped
655,223,16,auto-mapped
656,224,7,auto-mapped
657,224,16,auto-mapped
658,225,6,auto-mapped
659,225,23,auto-mapped
660,225,24,auto-mapped
661,226,10,auto-mapped
662,226,16,auto-mapped
663,227,2,auto-mapped
664,227,3,auto-mapped
665,227,10,auto-mapped
666,227,18,auto-mapped
667,228,1,auto-mapped
668,228,5,auto-mapped
669,228,6,auto-mapped
670,228,10,auto-mapped
671,229,19,auto-mapped
672,229,22,auto-mapped
673,230,7,auto-mapped
674,230,8,auto-mapped
675,230,20,auto-mapped
676,231,8,auto-mapped
677,231,9,auto-mapped
678,231,22,auto-mapped
679,232,2,auto-mapped
680,232,8,auto-mapped
681,232,9,auto-mapped
682,232,15,auto-mapped
683,233,7,auto-mapped
684,233,16,auto-mapped
685,234,1,auto-mapped
686,234,3,auto-mapped
687,234,8,auto-mapped
688,234,22,auto-mapped
689,235,2,auto-mapped
690,235,3,auto-mapped
691,235,10,auto-mapped
692,236,2,auto-mapped
693,236,3,auto-mapped
694,236,10,auto-mapped
695,236,18,auto-mapped
696,237,7,auto-mapped
697,237,8,auto-mapped
698,237,10,auto-mapped
699,238,2,auto-mapped
700,238,3,auto-mapped
701,238,10,auto-mapped
702,238,18,auto-mapped
703,239,7,auto-mapped
704,239,8,auto-mapped
705,239,10,auto-mapped
706,240,8,auto-mapped
707,240,9,auto-mapped
708,240,22,auto-mapped
709,241,10,auto-mapped
710,241,16,auto-mapped
711,242,6,auto-mapped
712,242,23,auto-mapped
713,242,24,auto-mapped
714,243,10,auto-mapped
715,243,16,auto-mapped
716,244,2,auto-mapped
717,244,3,auto-mapped
718,244,10,auto-mapped
719,244,18,auto-mapped
720,245,1,auto-mapped
721,245,5,auto-mapped
722,245,6,auto-mapped
723,245,10,auto-mapped
724,246,6,auto-mapped
725,246,8,auto-mapped
726,247,2,auto-mapped
727,247,4,auto-mapped
728,247,11,auto-mapped
729,248,2,auto-mapped
730,248,3,auto-mapped
731,248,10,auto-mapped
732,248,18,auto-mapped
733,249,7,auto-mapped
734,249,8,auto-mapped
735,249,10,auto-mapped
736,250,8,auto-mapped
737,250,9,auto-mapped
738,250,22,auto-mapped
739,251,4,auto-mapped
740,252,6,auto-mapped
741,252,23,auto-mapped
742,252,24,auto-mapped
743,253,10,auto-mapped
744,253,16,auto-mapped
745,254,2,auto-mapped
746,254,3,auto-mapped
747,254,10,auto-mapped
748,254,18,auto-mapped
749,255,1,auto-mapped
750,255,5,auto-mapped
751,255,6,auto-mapped
752,255,10,auto-mapped
753,256,6,auto-mapped
754,256,8,auto-mapped
755,257,2,auto-mapped
756,257,4,auto-mapped
757,257,11,auto-mapped
758,258,2,auto-mapped
759,258,3,auto-mapped
760,258,10,auto-mapped
761,258,18,auto-mapped
762,259,7,auto-mapped
763,259,8,auto-mapped
764,259,10,auto-mapped
765,260,8,auto-mapped
766,260,9,auto-mapped
767,260,22,auto-mapped
768,261,4,auto-mapped
769,262,2,auto-mapped
770,262,4,auto-mapped
771,262,11,auto-mapped
772,263,2,auto-mapped
773,263,4,auto-mapped
774,263,6,auto-mapped
775,263,11,auto-mapped
776,263,23,auto-mapped
777,263,24,auto-mapped
778,264,1,auto-mapped
779,264,5,auto-mapped
780,264,6,auto-mapped
781,264,19,auto-mapped
782,265,2,auto-mapped
783,265,4,auto-mapped
784,265,11,auto-mapped
785,266,2,auto-mapped
786,266,9,auto-mapped
787,266,22,auto-mapped
788,267,1,auto-mapped
789,267,5,auto-mapped
790,267,6,auto-mapped
791,267,19,auto-mapped
792,268,1,auto-mapped
793,268,5,auto-mapped
794,268,6,auto-mapped
795,268,19,auto-mapped
796,269,3,auto-mapped
797,269,10,auto-mapped
798,270,2,auto-mapped
799,270,9,auto-mapped
800,270,22,auto-mapped
801,271,10,auto-mapped
802,271,16,auto-mapped
803,272,1,auto-mapped
804,272,23,auto-mapped
805,273,2,auto-mapped
806,273,3,auto-mapped
807,273,10,auto-mapped
808,273,18,auto-mapped
809,274,7,auto-mapped
810,274,8,auto-mapped
811,274,10,auto-mapped
812,275,2,auto-mapped
813,275,3,auto-mapped
814,275,10,auto-mapped
815,275,18,auto-mapped
816,276,7,auto-mapped
817,276,8,auto-mapped
818,276,10,auto-mapped
819,277,3,auto-mapped
820,277,16,auto-mapped
821,278,2,auto-mapped
822,278,3,auto-mapped
823,278,10,auto-mapped
824,278,18,auto-mapped
825,279,1,auto-mapped
826,279,13,auto-mapped
827,279,19,auto-mapped
828,280,5,auto-mapped
829,280,13,auto-mapped
830,281,2,auto-mapped
831,281,4,auto-mapped
832,281,11,auto-mapped
833,282,2,auto-mapped
834,282,4,auto-mapped
835,282,6,auto-mapped
836,282,11,auto-mapped
837,282,23,auto-mapped
838,282,24,auto-mapped
839,283,1,auto-mapped
840,283,5,auto-mapped
841,283,6,auto-mapped
842,283,19,auto-mapped
843,284,2,auto-mapped
844,284,4,auto-mapped
845,284,11,auto-mapped
846,285,2,auto-mapped
847,285,9,auto-mapped
848,285,22,auto-mapped
849,286,1,auto-mapped
850,286,5,auto-mapped
851,286,6,auto-mapped
852,286,19,auto-mapped
853,287,1,auto-mapped
854,287,5,auto-mapped
855,287,6,auto-mapped
856,287,19,auto-mapped
857,288,3,auto-mapped
858,288,10,auto-mapped
859,289,2,auto-mapped
860,289,9,auto-mapped
861,289,22,auto-mapped
862,290,10,auto-mapped
863,290,16,auto-mapped
864,291,1,auto-mapped
865,291,23,auto-mapped
866,292,4,auto-mapped
867,292,18,auto-mapped
868,293,4,auto-mapped
869,293,18,auto-mapped
870,294,3,auto-mapped
871,294,16,auto-mapped
872,295,2,auto-mapped
873,295,3,auto-mapped
874,295,10,auto-mapped
875,295,18,auto-mapped
876,296,1,auto-mapped
877,296,13,auto-mapped
878,296,19,auto-mapped
879,297,5,auto-mapped
880,297,13,auto-mapped
881,298,4,auto-mapped
882,298,18,auto-mapped
883,299,2,auto-mapped
884,299,8,auto-mapped
885,299,9,auto-mapped
886,299,15,auto-mapped
887,300,2,auto-mapped
888,300,3,auto-mapped
889,300,10,auto-mapped
890,300,18,auto-mapped
891,301,2,auto-mapped
892,301,8,auto-mapped
893,301,9,auto-mapped
894,301,15,auto-mapped
895,302,2,auto-mapped
896,302,3,auto-mapped
897,302,10,auto-mapped
898,302,18,auto-mapped
899,303,1,auto-mapped
900,303,3,auto-mapped
901,303,8,auto-mapped
902,303,22,auto-mapped
903,304,2,auto-mapped
904,304,9,auto-mapped
905,304,22,auto-mapped
906,305,2,auto-mapped
907,305,3,auto-mapped
908,305,10,auto-mapped
909,306,7,auto-mapped
910,306,8,auto-mapped
911,306,10,auto-mapped
912,307,6,auto-mapped
913,307,8,auto-mapped
914,308,10,auto-mapped
915,308,16,auto-mapped
916,309,4,auto-mapped
917,309,24,auto-mapped
918,310,1,auto-mapped
919,310,13,auto-mapped
920,310,19,auto-mapped
921,311,1,auto-mapped
922,311,5,auto-mapped
923,311,6,auto-mapped
924,311,19,auto-mapped
925,312,2,auto-mapped
926,312,8,auto-mapped
927,312,9,auto-mapped
928,312,15,auto-mapped
929,313,7,auto-mapped
930,313,8,auto-mapped
931,313,20,auto-mapped
932,314,8,auto-mapped
933,314,25,auto-mapped
934,315,7,auto-mapped
935,315,8,auto-mapped
936,315,20,auto-mapped
937,316,1,auto-mapped
938,316,3,auto-mapped
939,316,8,auto-mapped
940,316,22,auto-mapped
941,317,2,auto-mapped
942,317,9,auto-mapped
943,317,22,auto-mapped
944,318,2,auto-mapped
945,318,3,auto-mapped
946,318,10,auto-mapped
947,319,1,auto-mapped
948,319,5,auto-mapped
949,319,6,auto-mapped
950,319,10,auto-mapped
951,320,2,auto-mapped
952,320,9,auto-mapped
953,320,22,auto-mapped
954,321,11,auto-mapped
955,321,16,auto-mapped
956,322,2,auto-mapped
957,322,4,auto-mapped
958,322,11,auto-mapped
959,323,2,auto-mapped
960,323,4,auto-mapped
961,323,6,auto-mapped
962,323,11,auto-mapped
963,323,23,auto-mapped
964,323,24,auto-mapped
965,324,1,auto-mapped
966,324,5,auto-mapped
967,324,6,auto-mapped
968,324,19,auto-mapped
969,325,2,auto-mapped
970,325,4,auto-mapped
971,325,11,auto-mapped
972,326,2,auto-mapped
973,326,9,auto-mapped
974,326,22,auto-mapped
975,327,10,auto-mapped
976,327,16,auto-mapped
977,328,6,auto-mapped
978,328,23,auto-mapped
979,328,24,auto-mapped
980,329,1,auto-mapped
981,329,13,auto-mapped
982,329,19,auto-mapped
983,330,2,auto-mapped
984,330,3,auto-mapped
985,330,10,auto-mapped
986,330,18,auto-mapped
987,331,2,auto-mapped
988,331,3,auto-mapped
989,331,10,auto-mapped
990,331,18,auto-mapped
991,332,7,auto-mapped
992,332,8,auto-mapped
993,332,10,auto-mapped
994,333,8,auto-mapped
995,333,9,auto-mapped
996,333,22,auto-mapped
997,334,10,auto-mapped
998,334,16,auto-mapped
999,335,1,auto-mapped
1000,335,13,auto-mapped
1001,336,2,auto-mapped
1002,336,3,auto-mapped
1003,336,10,auto-mapped
1004,336,18,auto-mapped
1005,337,19,auto-mapped
1006,337,25,auto-mapped
1007,338,3,auto-mapped
1008,338,16,auto-mapped
1009,339,1,auto-mapped
1010,339,5,auto-mapped
1011,339,6,auto-mapped
1012,339,10,auto-mapped
1013,340,10,auto-mapped
1014,340,16,auto-mapped
1015,341,6,auto-mapped
1016,341,23,auto-mapped
1017,341,24,auto-mapped
1018,342,1,auto-mapped
1019,342,13,auto-mapped
1020,342,19,auto-mapped
1021,343,2,auto-mapped
1022,343,3,auto-mapped
1023,343,10,auto-mapped
1024,343,18,auto-mapped
1025,344,8,auto-mapped
1026,344,9,auto-mapped
1027,344,22,auto-mapped
1028,345,10,auto-mapped
1029,345,16,auto-mapped
1030,346,1,auto-mapped
1031,346,13,auto-mapped
1032,347,2,auto-mapped
1033,347,3,auto-mapped
1034,347,10,auto-mapped
1035,347,18,auto-mapped
1036,348,7,auto-mapped
1037,348,8,auto-mapped
1038,348,10,auto-mapped
1039,349,4,auto-mapped
1040,349,18,auto-mapped
1041,350,10,auto-mapped
1042,350,16,auto-mapped
1043,351,6,auto-mapped
1044,351,23,auto-mapped
1045,351,24,auto-mapped
1046,352,8,auto-mapped
1047,352,9,auto-mapped
1048,352,22,auto-mapped
1049,353,10,auto-mapped
1050,353,16,auto-mapped
1051,354,1,auto-mapped
1052,354,13,auto-mapped
1053,355,2,auto-mapped
1054,355,3,auto-mapped
1055,355,10,auto-mapped
1056,355,18,auto-mapped
1057,356,7,auto-mapped
1058,356,8,auto-mapped
1059,356,10,auto-mapped
1060,357,4,auto-mapped
1061,357,18,auto-mapped
1062,358,1,auto-mapped
1063,358,13,auto-mapped
1064,358,19,auto-mapped
1065,359,2,auto-mapped
1066,359,3,auto-mapped
1067,359,10,auto-mapped
1068,359,18,auto-mapped
1069,360,2,auto-mapped
1070,360,3,auto-mapped
1071,360,10,auto-mapped
1072,360,18,auto-mapped
1073,361,2,auto-mapped
1074,361,8,auto-mapped
1075,361,9,auto-mapped
1076,361,15,auto-mapped
1077,362,8,auto-mapped
1078,362,9,auto-mapped
1079,362,22,auto-mapped
1080,363,10,auto-mapped
1081,363,16,auto-mapped
1082,364,1,auto-mapped
1083,364,13,auto-mapped
1084,365,2,auto-mapped
1085,365,3,auto-mapped
1086,365,10,auto-mapped
1087,365,18,auto-mapped
1088,366,7,auto-mapped
1089,366,8,auto-mapped
1090,366,10,auto-mapped
1091,367,8,auto-mapped
1092,367,9,auto-mapped
1093,367,22,auto-mapped
1094,368,10,auto-mapped
1095,368,16,auto-mapped
1096,369,2,auto-mapped
1097,369,4,auto-mapped
1098,369,11,auto-mapped
1099,370,2,auto-mapped
1100,370,4,auto-mapped
1101,370,6,auto-mapped
1102,370,11,auto-mapped
1103,370,23,auto-mapped
1104,370,24,auto-mapped
1105,371,1,auto-mapped
1106,371,5,auto-mapped
1107,371,6,auto-mapped
1108,371,19,auto-mapped
1109,372,2,auto-mapped
1110,372,4,auto-mapped
1111,372,11,auto-mapped
1112,373,2,auto-mapped
1113,373,9,auto-mapped
1114,373,22,auto-mapped
1115,374,1,auto-mapped
1116,374,5,auto-mapped
1117,374,6,auto-mapped
1118,374,10,auto-mapped
1119,375,1,auto-mapped
1120,375,12,auto-mapped
1121,375,19,auto-mapped
1122,376,10,auto-mapped
1123,376,16,auto-mapped
1124,377,6,auto-mapped
1125,377,23,auto-mapped
1126,377,24,auto-mapped
1127,378,2,auto-mapped
1128,378,3,auto-mapped
1129,378,10,auto-mapped
1130,378,18,auto-mapped
1131,379,1,auto-mapped
1132,379,5,auto-mapped
1133,379,6,auto-mapped
1134,379,10,auto-mapped
1135,380,6,auto-mapped
1136,380,8,auto-mapped
1137,381,1,auto-mapped
1138,381,13,auto-mapped
1139,381,19,auto-mapped
1140,382,6,auto-mapped
1141,382,17,auto-mapped
1142,383,10,auto-mapped
1143,383,16,auto-mapped
1144,384,10,auto-mapped
1145,384,16,auto-mapped
1146,385,7,auto-mapped
1147,385,8,auto-mapped
1148,385,20,auto-mapped
1149,386,1,auto-mapped
1150,386,13,auto-mapped
1151,386,19,auto-mapped
1152,387,1,auto-mapped
1153,387,5,auto-mapped
1154,387,6,auto-mapped
1155,387,19,auto-mapped
1156,388,2,auto-mapped
1157,388,9,auto-mapped
1158,388,22,auto-mapped
1159,389,2,auto-mapped
1160,389,8,auto-mapped
1161,389,9,auto-mapped
1162,389,15,auto-mapped
1163,390,15,auto-mapped
1164,390,23,auto-mapped
1165,391,3,auto-mapped
1166,391,16,auto-mapped
1167,392,7,auto-mapped
1168,392,16,auto-mapped
1169,393,16,auto-mapped
1170,393,19,auto-mapped
1171,394,1,auto-mapped
1172,394,21,auto-mapped
1173,395,1,auto-mapped
1174,395,13,auto-mapped
1175,395,19,auto-mapped
1176,396,1,auto-mapped
1177,396,5,auto-mapped
1178,396,6,auto-mapped
1179,396,19,auto-mapped
1180,397,2,auto-mapped
1181,397,9,auto-mapped
1182,397,22,auto-mapped
1183,398,2,auto-mapped
1184,398,8,auto-mapped
1185,398,9,auto-mapped
1186,398,15,auto-mapped
1187,399,15,auto-mapped
1188,399,23,auto-mapped
1189,400,3,auto-mapped
1190,400,16,auto-mapped
1191,401,7,auto-mapped
1192,401,16,auto-mapped
1193,402,16,auto-mapped
1194,402,19,auto-mapped
1195,403,1,auto-mapped
1196,403,21,auto-mapped
1197,404,6,auto-mapped
1198,404,23,auto-mapped
1199,404,24,auto-mapped
1200,405,1,auto-mapped
1201,405,5,auto-mapped
1202,405,6,auto-mapped
1203,405,10,auto-mapped
1204,406,2,auto-mapped
1205,406,8,auto-mapped
1206,406,9,auto-mapped
1207,406,15,auto-mapped
1208,407,6,auto-mapped
1209,407,23,auto-mapped
1210,407,24,auto-mapped
1211,408,10,auto-mapped
1212,408,16,auto-mapped
1213,409,1,auto-mapped
1214,409,3,auto-mapped
1215,409,8,auto-mapped
1216,409,22,auto-mapped
1217,410,2,auto-mapped
1218,410,9,auto-mapped
1219,410,22,auto-mapped
1220,411,2,auto-mapped
1221,411,3,auto-mapped
1222,411,10,auto-mapped
1223,412,10,auto-mapped
1224,412,20,auto-mapped
1225,413,2,auto-mapped
1226,413,9,auto-mapped
1227,414,2,auto-mapped
1228,414,3,auto-mapped
1229,414,10,auto-mapped
1230,414,18,auto-mapped
1231,415,4,auto-mapped
1232,415,25,auto-mapped
1233,416,8,auto-mapped
1234,416,9,auto-mapped
1235,416,22,auto-mapped
1236,417,7,auto-mapped
1237,417,8,auto-mapped
1238,417,10,auto-mapped
1239,418,1,auto-mapped
1240,418,13,auto-mapped
1241,418,19,auto-mapped
1242,419,2,auto-mapped
1243,419,3,auto-mapped
1244,419,10,auto-mapped
1245,419,18,auto-mapped
1246,420,2,auto-mapped
1247,420,3,auto-mapped
1248,420,10,auto-mapped
1249,420,18,auto-mapped
1250,421,2,auto-mapped
1251,421,8,auto-mapped
1252,421,9,auto-mapped
1253,421,15,auto-mapped
1254,422,2,auto-mapped
1255,422,3,auto-mapped
1256,422,10,auto-mapped
1257,422,18,auto-mapped
1258,423,7,auto-mapped
1259,423,8,auto-mapped
1260,423,10,auto-mapped
1261,424,20,auto-mapped
1262,424,25,auto-mapped
1263,425,6,auto-mapped
1264,425,23,auto-mapped
1265,425,24,auto-mapped
1266,426,8,auto-mapped
1267,426,9,auto-mapped
1268,426,22,auto-mapped
1269,427,10,auto-mapped
1270,427,16,auto-mapped
1271,428,4,auto-mapped
1272,428,18,auto-mapped
1273,429,6,auto-mapped
1274,429,23,auto-mapped
1275,429,24,auto-mapped
1276,430,8,auto-mapped
1277,430,15,auto-mapped
1278,431,4,auto-mapped
1279,431,18,auto-mapped
1280,432,1,auto-mapped
1281,432,3,auto-mapped
1282,432,8,auto-mapped
1283,432,22,auto-mapped
1284,433,2,auto-mapped
1285,433,9,auto-mapped
1286,433,22,auto-mapped
1287,434,2,auto-mapped
1288,434,3,auto-mapped
1289,434,10,auto-mapped
1290,435,8,auto-mapped
1291,435,9,auto-mapped
1292,435,22,auto-mapped
1293,436,12,auto-mapped
1294,436,14,auto-mapped
1295,437,2,auto-mapped
1296,437,3,auto-mapped
1297,437,10,auto-mapped
1298,437,18,auto-mapped
1299,438,1,auto-mapped
1300,438,5,auto-mapped
1301,438,6,auto-mapped
1302,438,10,auto-mapped
1303,439,2,auto-mapped
1304,439,11,auto-mapped
1305,440,5,auto-mapped
1306,440,24,auto-mapped
1307,441,7,auto-mapped
1308,441,25,auto-mapped
1309,442,5,auto-mapped
1310,442,20,auto-mapped
1311,443,10,auto-mapped
1312,443,16,auto-mapped
1313,444,18,auto-mapped
1314,444,23,auto-mapped
1315,445,8,auto-mapped
1316,445,9,auto-mapped
1317,445,22,auto-mapped
1318,446,8,auto-mapped
1319,446,9,auto-mapped
1320,446,22,auto-mapped
1321,447,10,auto-mapped
1322,447,16,auto-mapped
1323,448,1,auto-mapped
1324,448,5,auto-mapped
1325,448,6,auto-mapped
1326,448,10,auto-mapped
1327,449,1,auto-mapped
1328,449,12,auto-mapped
1329,449,19,auto-mapped
1330,450,2,auto-mapped
1331,450,3,auto-mapped
1332,450,10,auto-mapped
1333,450,18,auto-mapped
1334,451,6,auto-mapped
1335,451,23,auto-mapped
1336,451,24,auto-mapped
1337,452,2,auto-mapped
1338,452,3,auto-mapped
1339,452,10,auto-mapped
1340,452,18,auto-mapped
1341,453,1,auto-mapped
1342,453,5,auto-mapped
1343,453,6,auto-mapped
1344,453,10,auto-mapped
1345,454,2,auto-mapped
1346,454,11,auto-mapped
1347,455,2,auto-mapped
1348,455,3,auto-mapped
1349,455,10,auto-mapped
1350,456,2,auto-mapped
1351,456,8,auto-mapped
1352,456,9,auto-mapped
1353,456,22,auto-mapped
1354,457,10,auto-mapped
1355,457,16,auto-mapped
1356,458,18,auto-mapped
1357,458,23,auto-mapped
1358,459,8,auto-mapped
1359,459,9,auto-mapped
1360,459,22,auto-mapped
1361,460,3,auto-mapped
1362,460,10,auto-mapped
1363,461,6,auto-mapped
1364,461,14,auto-mapped
1365,462,2,auto-mapped
1366,462,9,auto-mapped
1367,462,22,auto-mapped
1368,463,2,auto-mapped
1369,463,4,auto-mapped
1370,463,11,auto-mapped
1371,464,9,auto-mapped
1372,464,24,auto-mapped
1373,465,3,auto-mapped
1374,465,10,auto-mapped
1375,466,2,auto-mapped
1376,466,3,auto-mapped
1377,466,10,auto-mapped
1378,466,18,auto-mapped
1379,467,1,auto-mapped
1380,467,5,auto-mapped
1381,467,6,auto-mapped
1382,467,10,auto-mapped
1383,468,2,auto-mapped
1384,468,11,auto-mapped
1385,469,2,auto-mapped
1386,469,3,auto-mapped
1387,469,10,auto-mapped
1388,470,2,auto-mapped
1389,470,8,auto-mapped
1390,470,9,auto-mapped
1391,470,22,auto-mapped
1392,471,5,auto-mapped
1393,471,24,auto-mapped
1394,472,7,auto-mapped
1395,472,25,auto-mapped
1396,473,5,auto-mapped
1397,473,20,auto-mapped
1398,474,10,auto-mapped
1399,474,16,auto-mapped
1400,475,18,auto-mapped
1401,475,23,auto-mapped
1402,476,8,auto-mapped
1403,476,9,auto-mapped
1404,476,22,auto-mapped
1405,477,4,auto-mapped
1406,477,18,auto-mapped
1407,478,5,auto-mapped
1408,478,24,auto-mapped
1409,479,7,auto-mapped
1410,479,25,auto-mapped
1411,480,5,auto-mapped
1412,480,20,auto-mapped
1413,481,10,auto-mapped
1414,481,16,auto-mapped
1415,482,18,auto-mapped
1416,482,23,auto-mapped
1417,483,8,auto-mapped
1418,483,9,auto-mapped
1419,483,22,auto-mapped
1420,484,8,auto-mapped
1421,484,12,auto-mapped
1422,485,7,auto-mapped
1423,485,15,auto-mapped
1424,486,1,auto-mapped
1425,486,5,auto-mapped
1426,486,6,auto-mapped
1427,486,10,auto-mapped
1428,487,9,auto-mapped
1429,487,12,auto-mapped
1430,488,3,auto-mapped
1431,488,10,auto-mapped
1432,489,9,auto-mapped
1433,489,18,auto-mapped
1434,490,8,auto-mapped
1435,490,9,auto-mapped
1436,490,22,auto-mapped
1437,491,1,auto-mapped
1438,491,9,auto-mapped
1439,492,5,auto-mapped
1440,492,24,auto-mapped
1441,493,7,auto-mapped
1442,493,25,auto-mapped
1443,494,5,auto-mapped
1444,494,20,auto-mapped
1445,495,10,auto-mapped
1446,495,16,auto-mapped
1447,496,18,auto-mapped
1448,496,23,auto-mapped
1449,497,8,auto-mapped
1450,497,9,auto-mapped
1451,497,22,auto-mapped
1452,498,4,auto-mapped
1453,498,18,auto-mapped
1454,499,2,auto-mapped
1455,499,4,auto-mapped
1456,499,11,auto-mapped
1457,500,2,auto-mapped
1458,500,4,auto-mapped
1459,500,6,auto-mapped
1460,500,11,auto-mapped
1461,500,23,auto-mapped
1462,500,24,auto-mapped
1463,501,1,auto-mapped
1464,501,5,auto-mapped
1465,501,6,auto-mapped
1466,501,19,auto-mapped
1467,502,2,auto-mapped
1468,502,4,auto-mapped
1469,502,11,auto-mapped
1470,503,2,auto-mapped
1471,503,9,auto-mapped
1472,503,22,auto-mapped
1473,504,4,auto-mapped
1474,504,18,auto-mapped
1475,505,1,auto-mapped
1476,505,5,auto-mapped
1477,505,6,auto-mapped
1478,505,10,auto-mapped
1479,506,2,auto-mapped
1480,506,9,auto-mapped
1481,506,22,auto-mapped
1482,507,11,auto-mapped
1483,507,16,auto-mapped
1484,508,4,auto-mapped
1485,508,18,auto-mapped
1486,509,10,auto-mapped
1487,509,16,auto-mapped
1488,510,18,auto-mapped
1489,510,23,auto-mapped
1490,511,8,auto-mapped
1491,511,9,auto-mapped
1492,511,22,auto-mapped
1493,512,2,auto-mapped
1494,512,25,auto-mapped
1495,513,14,auto-mapped
1496,513,16,auto-mapped
1497,514,5,auto-mapped
1498,514,24,auto-mapped
1499,515,7,auto-mapped
1500,515,25,auto-mapped
1501,516,5,auto-mapped
1502,516,20,auto-mapped
1503,517,10,auto-mapped
1504,517,16,auto-mapped
1505,518,18,auto-mapped
1506,518,23,auto-mapped
1507,519,8,auto-mapped
1508,519,9,auto-mapped
1509,519,22,auto-mapped
1510,520,6,auto-mapped
1511,520,23,auto-mapped
1512,520,24,auto-mapped
1513,521,8,auto-mapped
1514,521,15,auto-mapped
1515,522,2,auto-mapped
1516,522,3,auto-mapped
1517,522,10,auto-mapped
1518,522,18,auto-mapped
1519,523,16,auto-mapped
1520,523,22,auto-mapped
1521,524,15,auto-mapped
1522,524,21,auto-mapped
1523,525,7,auto-mapped
1524,525,15,auto-mapped
1525,526,2,auto-mapped
1526,526,8,auto-mapped
1527,527,1,auto-mapped
1528,527,5,auto-mapped
1529,527,6,auto-mapped
1530,527,10,auto-mapped
1531,528,5,auto-mapped
1532,528,24,auto-mapped
1533,529,7,auto-mapped
1534,529,25,auto-mapped
1535,530,5,auto-mapped
1536,530,20,auto-mapped
1537,531,10,auto-mapped
1538,531,16,auto-mapped
1539,532,4,auto-mapped
1540,532,24,auto-mapped
1541,533,1,auto-mapped
1542,533,13,auto-mapped
1543,534,8,auto-mapped
1544,534,25,auto-mapped
1545,535,10,auto-mapped
1546,535,16,auto-mapped
1547,536,2,auto-mapped
1548,536,11,auto-mapped
1549,537,5,auto-mapped
1550,537,24,auto-mapped
1551,538,7,auto-mapped
1552,538,25,auto-mapped
1553,539,5,auto-mapped
1554,539,20,auto-mapped
1555,540,2,auto-mapped
1556,540,4,auto-mapped
1557,541,10,auto-mapped
1558,541,16,auto-mapped
1559,542,10,auto-mapped
1560,542,16,auto-mapped
1561,543,4,auto-mapped
1562,543,24,auto-mapped
1563,544,1,auto-mapped
1564,544,5,auto-mapped
1565,544,6,auto-mapped
1566,544,10,auto-mapped
1567,545,11,auto-mapped
1568,545,21,auto-mapped
1569,546,1,auto-mapped
1570,546,13,auto-mapped
1571,547,9,auto-mapped
1572,547,10,auto-mapped
1573,548,5,auto-mapped
1574,548,24,auto-mapped
1575,549,7,auto-mapped
1576,549,25,auto-mapped
1577,550,5,auto-mapped
1578,550,20,auto-mapped
1579,551,10,auto-mapped
1580,551,16,auto-mapped
1581,552,4,auto-mapped
1582,552,24,auto-mapped
1583,553,2,auto-mapped
1584,553,4,auto-mapped
1585,554,10,auto-mapped
1586,554,16,auto-mapped
1587,555,15,auto-mapped
1588,555,23,auto-mapped
1589,556,7,auto-mapped
1590,556,16,auto-mapped
1591,557,2,auto-mapped
1592,557,8,auto-mapped
1593,557,9,auto-mapped
1594,557,15,auto-mapped
1595,558,6,auto-mapped
1596,558,23,auto-mapped
1597,558,24,auto-mapped
1598,559,2,auto-mapped
1599,559,3,auto-mapped
1600,559,10,auto-mapped
1601,559,18,auto-mapped
1602,560,7,auto-mapped
1603,560,8,auto-mapped
1604,560,10,auto-mapped
1605,561,1,auto-mapped
1606,561,3,auto-mapped
1607,561,8,auto-mapped
1608,561,22,auto-mapped
1609,562,2,auto-mapped
1610,562,3,auto-mapped
1611,562,10,auto-mapped
1612,562,18,auto-mapped
1613,563,3,auto-mapped
1614,563,22,auto-mapped
1615,564,8,auto-mapped
1616,564,18,auto-mapped
1617,565,6,auto-mapped
1618,565,23,auto-mapped
1619,565,24,auto-mapped
1620,566,10,auto-mapped
1621,566,16,auto-mapped
1622,567,10,auto-mapped
1623,567,16,auto-mapped
1624,568,7,auto-mapped
1625,568,8,auto-mapped
1626,568,20,auto-mapped
1627,569,3,auto-mapped
1628,569,16,auto-mapped
1629,570,10,auto-mapped
1630,570,16,auto-mapped
1631,571,4,auto-mapped
1632,571,18,auto-mapped
1633,572,1,auto-mapped
1634,572,3,auto-mapped
1635,572,8,auto-mapped
1636,572,22,auto-mapped
1637,573,2,auto-mapped
1638,573,9,auto-mapped
1639,573,22,auto-mapped
1640,574,2,auto-mapped
1641,574,3,auto-mapped
1642,574,10,auto-mapped
1643,575,8,auto-mapped
1644,575,9,auto-mapped
1645,575,22,auto-mapped
1646,576,7,auto-mapped
1647,576,8,auto-mapped
1648,576,10,auto-mapped
1649,577,8,auto-mapped
1650,577,19,auto-mapped
1651,578,2,auto-mapped
1652,578,3,auto-mapped
1653,578,10,auto-mapped
1654,578,18,auto-mapped
1655,579,16,auto-mapped
1656,579,23,auto-mapped
1657,580,2,auto-mapped
1658,580,3,auto-mapped
1659,580,10,auto-mapped
1660,580,18,auto-mapped
1661,581,7,auto-mapped
1662,581,8,auto-mapped
1663,581,10,auto-mapped
1664,582,2,auto-mapped
1665,582,3,auto-mapped
1666,582,10,auto-mapped
1667,582,18,auto-mapped
1668,583,2,auto-mapped
1669,583,8,auto-mapped
1670,583,9,auto-mapped
1671,583,15,auto-mapped
1672,584,7,auto-mapped
1673,584,16,auto-mapped
1674,585,2,auto-mapped
1675,585,3,auto-mapped
1676,585,10,auto-mapped
1677,586,1,auto-mapped
1678,586,3,auto-mapped
1679,586,8,auto-mapped
1680,586,22,auto-mapped
1681,587,2,auto-mapped
1682,587,3,auto-mapped
1683,587,10,auto-mapped
1684,587,18,auto-mapped
1685,588,6,auto-mapped
1686,588,23,auto-mapped
1687,588,24,auto-mapped
1688,589,8,auto-mapped
1689,589,9,auto-mapped
1690,589,22,auto-mapped
1691,590,7,auto-mapped
1692,590,8,auto-mapped
1693,590,20,auto-mapped
1694,591,2,auto-mapped
1695,591,3,auto-mapped
1696,591,10,auto-mapped
1697,591,18,auto-mapped
1698,592,7,auto-mapped
1699,592,8,auto-mapped
1700,592,10,auto-mapped
1701,593,1,auto-mapped
1702,593,13,auto-mapped
1703,593,19,auto-mapped
1704,594,6,auto-mapped
1705,594,23,auto-mapped
1706,594,24,auto-mapped
1707,595,1,auto-mapped
1708,595,5,auto-mapped
1709,595,6,auto-mapped
1710,595,19,auto-mapped
1711,596,1,auto-mapped
1712,596,5,auto-mapped
1713,596,6,auto-mapped
1714,596,19,auto-mapped
1715,597,3,auto-mapped
1716,597,10,auto-mapped
1717,598,2,auto-mapped
1718,598,9,auto-mapped
1719,598,22,auto-mapped
1720,599,10,auto-mapped
1721,599,16,auto-mapped
1722,600,1,auto-mapped
1723,600,23,auto-mapped
1724,601,2,auto-mapped
1725,601,4,auto-mapped
1726,601,11,auto-mapped
1727,602,2,auto-mapped
1728,602,4,auto-mapped
1729,602,6,auto-mapped
1730,602,11,auto-mapped
1731,602,23,auto-mapped
1732,602,24,auto-mapped
1733,603,1,auto-mapped
1734,603,5,auto-mapped
1735,603,6,auto-mapped
1736,603,19,auto-mapped
1737,604,2,auto-mapped
1738,604,4,auto-mapped
1739,604,11,auto-mapped
1740,605,2,auto-mapped
1741,605,9,auto-mapped
1742,605,22,auto-mapped
1743,606,7,auto-mapped
1744,606,8,auto-mapped
1745,606,10,auto-mapped
1746,607,1,auto-mapped
1747,607,13,auto-mapped
1748,607,19,auto-mapped
1749,608,9,auto-mapped
1750,608,18,auto-mapped
1751,609,3,auto-mapped
1752,609,10,auto-mapped
1753,610,13,auto-mapped
1754,610,21,auto-mapped
1755,611,1,auto-mapped
1756,611,5,auto-mapped
1757,611,6,auto-mapped
1758,611,10,auto-mapped
1759,612,5,auto-mapped
1760,612,24,auto-mapped
1761,613,7,auto-mapped
1762,613,25,auto-mapped
1763,614,5,auto-mapped
1764,614,20,auto-mapped
1765,615,2,auto-mapped
1766,615,3,auto-mapped
1767,615,10,auto-mapped
1768,616,2,auto-mapped
1769,616,8,auto-mapped
1770,616,9,auto-mapped
1771,616,22,auto-mapped
1772,617,10,auto-mapped
1773,617,16,auto-mapped
1774,618,18,auto-mapped
1775,618,23,auto-mapped
1776,619,8,auto-mapped
1777,619,9,auto-mapped
1778,619,22,auto-mapped
1779,620,1,auto-mapped
1780,620,13,auto-mapped
1781,620,19,auto-mapped
1782,621,20,auto-mapped
1783,621,23,auto-mapped
1784,622,3,auto-mapped
1785,622,15,auto-mapped
1786,623,3,auto-mapped
1787,623,10,auto-mapped
1788,624,11,auto-mapped
1789,624,21,auto-mapped
1790,625,1,auto-mapped
1791,625,5,auto-mapped
1792,625,6,auto-mapped
1793,625,10,auto-mapped
1794,626,10,auto-mapped
1795,626,16,auto-mapped
1796,627,4,auto-mapped
1797,627,24,auto-mapped
1798,628,19,auto-mapped
1799,628,20,auto-mapped
1800,629,8,auto-mapped
1801,629,9,auto-mapped
1802,629,22,auto-mapped
1803,630,8,auto-mapped
1804,630,9,auto-mapped
1805,630,22,auto-mapped
1806,631,1,auto-mapped
1807,631,19,auto-mapped
1808,632,10,auto-mapped
1809,632,16,auto-mapped
1810,633,4,auto-mapped
1811,633,24,auto-mapped
1812,634,5,auto-mapped
1813,634,24,auto-mapped
1814,635,7,auto-mapped
1815,635,25,auto-mapped
1816,636,5,auto-mapped
1817,636,20,auto-mapped
1818,637,8,auto-mapped
1819,637,9,auto-mapped
1820,637,22,auto-mapped
1821,638,1,auto-mapped
1822,638,13,auto-mapped
1823,639,5,auto-mapped
1824,639,24,auto-mapped
1825,640,7,auto-mapped
1826,640,25,auto-mapped
1827,641,5,auto-mapped
1828,641,20,auto-mapped
1829,642,10,auto-mapped
1830,642,16,auto-mapped
1831,643,4,auto-mapped
1832,643,24,auto-mapped
1833,644,2,auto-mapped
1834,644,4,auto-mapped
1835,645,10,auto-mapped
1836,645,16,auto-mapped
1837,646,10,auto-mapped
1838,646,16,auto-mapped
1839,647,1,auto-mapped
1840,647,3,auto-mapped
1841,647,8,auto-mapped
1842,647,22,auto-mapped
1843,648,6,auto-mapped
1844,648,23,auto-mapped
1845,648,24,auto-mapped
1846,649,1,auto-mapped
1847,649,13,auto-mapped
1848,649,19,auto-mapped
1849,650,4,auto-mapped
1850,650,18,auto-mapped
1851,651,1,auto-mapped
1852,651,5,auto-mapped
1853,651,6,auto-mapped
1854,651,10,auto-mapped
1855,652,2,auto-mapped
1856,652,3,auto-mapped
1857,652,10,auto-mapped
1858,652,18,auto-mapped
1859,653,2,auto-mapped
1860,653,4,auto-mapped
1861,654,16,auto-mapped
1862,654,20,auto-mapped
1863,655,1,auto-mapped
1864,655,5,auto-mapped
1865,655,6,auto-mapped
1866,655,19,auto-mapped
1867,656,1,auto-mapped
1868,656,5,auto-mapped
1869,656,6,auto-mapped
1870,656,19,auto-mapped
1871,657,3,auto-mapped
1872,657,10,auto-mapped
1873,658,2,auto-mapped
1874,658,9,auto-mapped
1875,658,22,auto-mapped
1876,659,10,auto-mapped
1877,659,16,auto-mapped
1878,660,1,auto-mapped
1879,660,23,auto-mapped
1880,661,1,auto-mapped
1881,661,5,auto-mapped
1882,661,6,auto-mapped
1883,661,10,auto-mapped
1884,662,1,auto-mapped
1885,662,12,auto-mapped
1886,662,19,auto-mapped
1887,663,1,auto-mapped
1888,663,12,auto-mapped
1889,663,19,auto-mapped
1890,664,1,auto-mapped
1891,664,5,auto-mapped
1892,664,6,auto-mapped
1893,664,10,auto-mapped
1894,665,10,auto-mapped
1895,665,25,auto-mapped
1896,666,1,auto-mapped
1897,666,21,auto-mapped
1898,667,2,auto-mapped
1899,667,4,auto-mapped
1900,667,11,auto-mapped
1901,668,2,auto-mapped
1902,668,4,auto-mapped
1903,668,6,auto-mapped
1904,668,11,auto-mapped
1905,668,23,auto-mapped
1906,668,24,auto-mapped
1907,669,1,auto-mapped
1908,669,5,auto-mapped
1909,669,6,auto-mapped
1910,669,19,auto-mapped
1911,670,2,auto-mapped
1912,670,4,auto-mapped
1913,670,11,auto-mapped
1914,671,2,auto-mapped
1915,671,9,auto-mapped
1916,671,22,auto-mapped
1917,672,1,auto-mapped
1918,672,21,auto-mapped
1919,673,10,auto-mapped
1920,673,16,auto-mapped
1921,674,6,auto-mapped
1922,674,23,auto-mapped
1923,674,24,auto-mapped
1924,675,10,auto-mapped
1925,675,16,auto-mapped
1926,676,1,auto-mapped
1927,676,3,auto-mapped
1928,676,8,auto-mapped
1929,676,22,auto-mapped
1930,677,6,auto-mapped
1931,677,23,auto-mapped
1932,677,24,auto-mapped
1933,678,1,auto-mapped
1934,678,13,auto-mapped
1935,678,19,auto-mapped
1936,679,4,auto-mapped
1937,679,18,auto-mapped
1938,680,1,auto-mapped
1939,680,5,auto-mapped
1940,680,6,auto-mapped
1941,680,10,auto-mapped
1942,681,2,auto-mapped
1943,681,3,auto-mapped
1944,681,10,auto-mapped
1945,681,18,auto-mapped
1946,682,2,auto-mapped
1947,682,4,auto-mapped
1948,683,16,auto-mapped
1949,683,20,auto-mapped
1950,684,1,auto-mapped
1951,684,5,auto-mapped
1952,684,6,auto-mapped
1953,684,19,auto-mapped
1954,685,1,auto-mapped
1955,685,5,auto-mapped
1956,685,6,auto-mapped
1957,685,19,auto-mapped
1958,686,3,auto-mapped
1959,686,10,auto-mapped
1960,687,2,auto-mapped
1961,687,9,auto-mapped
1962,687,22,auto-mapped
1963,688,10,auto-mapped
1964,688,16,auto-mapped
1965,689,1,auto-mapped
1966,689,23,auto-mapped
1967,690,1,auto-mapped
1968,690,5,auto-mapped
1969,690,6,auto-mapped
1970,690,10,auto-mapped
1971,691,1,auto-mapped
1972,691,12,auto-mapped
1973,691,19,auto-mapped
1974,692,1,auto-mapped
1975,692,12,auto-mapped
1976,692,19,auto-mapped
1977,693,1,auto-mapped
1978,693,5,auto-mapped
1979,693,6,auto-mapped
1980,693,10,auto-mapped
1981,694,10,auto-mapped
1982,694,25,auto-mapped
1983,695,1,auto-mapped
1984,695,21,auto-mapped
1985,696,2,auto-mapped
1986,696,4,auto-mapped
1987,696,11,auto-mapped
1988,697,2,auto-mapped
1989,697,4,auto-mapped
1990,697,6,auto-mapped
1991,697,11,auto-mapped
1992,697,23,auto-mapped
1993,697,24,auto-mapped
1994,698,1,auto-mapped
1995,698,5,auto-mapped
1996,698,6,auto-mapped
1997,698,19,auto-mapped
1998,699,2,auto-mapped
1999,699,4,auto-mapped
2000,699,11,auto-mapped
2001,700,2,auto-mapped
2002,700,9,auto-mapped
2003,700,22,auto-mapped
2004,701,1,auto-mapped
2005,701,21,auto-mapped
2006,702,10,auto-mapped
2007,702,16,auto-mapped
2008,703,6,auto-mapped
2009,703,23,auto-mapped
2010,703,24,auto-mapped
2011,704,10,auto-mapped
2012,704,16,auto-mapped
2013,705,1,auto-mapped
2014,705,3,auto-mapped
2015,705,8,auto-mapped
2016,705,22,auto-mapped
2017,706,6,auto-mapped
2018,706,23,auto-mapped
2019,706,24,auto-mapped
2020,707,1,auto-mapped
2021,707,13,auto-mapped
2022,707,19,auto-mapped
2023,708,4,auto-mapped
2024,708,18,auto-mapped
2025,709,1,auto-mapped
2026,709,5,auto-mapped
2027,709,6,auto-mapped
2028,709,10,auto-mapped
2029,710,2,auto-mapped
2030,710,3,auto-mapped
2031,710,10,auto-mapped
2032,710,18,auto-mapped
2033,711,2,auto-mapped
2034,711,4,auto-mapped
2035,712,16,auto-mapped
2036,712,20,auto-mapped
2037,713,1,auto-mapped
2038,713,5,auto-mapped
2039,713,6,auto-mapped
2040,713,19,auto-mapped
2041,714,1,auto-mapped
2042,714,5,auto-mapped
2043,714,6,auto-mapped
2044,714,19,auto-mapped
2045,715,3,auto-mapped
2046,715,10,auto-mapped
2047,716,2,auto-mapped
2048,716,9,auto-mapped
2049,716,22,auto-mapped
2050,717,10,auto-mapped
2051,717,16,auto-mapped
2052,718,1,auto-mapped
2053,718,23,auto-mapped
2054,719,1,auto-mapped
2055,719,5,auto-mapped
2056,719,6,auto-mapped
2057,719,10,auto-mapped
2058,720,1,auto-mapped
2059,720,12,auto-mapped
2060,720,19,auto-mapped
2061,721,1,auto-mapped
2062,721,12,auto-mapped
2063,721,19,auto-mapped
2064,722,1,auto-mapped
2065,722,5,auto-mapped
2066,722,6,auto-mapped
2067,722,10,auto-mapped
2068,723,10,auto-mapped
2069,723,25,auto-mapped
2070,724,1,auto-mapped
2071,724,21,auto-mapped
2072,725,2,auto-mapped
2073,725,4,auto-mapped
2074,725,11,auto-mapped
2075,726,2,auto-mapped
2076,726,4,auto-mapped
2077,726,6,auto-mapped
2078,726,11,auto-mapped
2079,726,23,auto-mapped
2080,726,24,auto-mapped
2081,727,1,auto-mapped
2082,727,5,auto-mapped
2083,727,6,auto-mapped
2084,727,19,auto-mapped
2085,728,2,auto-mapped
2086,728,4,auto-mapped
2087,728,11,auto-mapped
2088,729,2,auto-mapped
2089,729,9,auto-mapped
2090,729,22,auto-mapped
2091,730,1,auto-mapped
2092,730,21,auto-mapped
2093,731,10,auto-mapped
2094,731,16,auto-mapped
2095,732,6,auto-mapped
2096,732,23,auto-mapped
2097,732,24,auto-mapped
2098,733,2,auto-mapped
2099,733,8,auto-mapped
2100,733,9,auto-mapped
2101,733,15,auto-mapped
2102,734,10,auto-mapped
2103,734,16,auto-mapped
2104,735,6,auto-mapped
2105,735,23,auto-mapped
2106,735,24,auto-mapped
2107,736,11,auto-mapped
2108,736,21,auto-mapped
2109,737,2,auto-mapped
2110,737,13,auto-mapped
2111,738,19,auto-mapped
2112,738,22,auto-mapped
2113,739,21,auto-mapped
2114,739,24,auto-mapped
2115,740,13,auto-mapped
2116,740,15,auto-mapped
2117,741,6,auto-mapped
2118,741,23,auto-mapped
2119,741,24,auto-mapped
2120,742,8,auto-mapped
2121,742,15,auto-mapped
2122,743,2,auto-mapped
2123,743,3,auto-mapped
2124,743,10,auto-mapped
2125,743,18,auto-mapped
2126,744,19,auto-mapped
2127,744,20,auto-mapped
2128,745,9,auto-mapped
2129,745,24,auto-mapped
2130,746,8,auto-mapped
2131,746,22,auto-mapped
2132,747,2,auto-mapped
2133,747,8,auto-mapped
2134,747,9,auto-mapped
2135,747,15,auto-mapped
2136,748,10,auto-mapped
2137,748,16,auto-mapped
2138,749,6,auto-mapped
2139,749,23,auto-mapped
2140,749,24,auto-mapped
2141,750,11,auto-mapped
2142,750,21,auto-mapped
2143,751,2,auto-mapped
2144,751,13,auto-mapped
2145,752,19,auto-mapped
2146,752,22,auto-mapped
2147,753,21,auto-mapped
2148,753,24,auto-mapped
2149,754,13,auto-mapped
2150,754,15,auto-mapped
2151,755,6,auto-mapped
2152,755,23,auto-mapped
2153,755,24,auto-mapped
2154,756,8,auto-mapped
2155,756,15,auto-mapped
2156,757,2,auto-mapped
2157,757,3,auto-mapped
2158,757,10,auto-mapped
2159,757,18,auto-mapped
2160,758,19,auto-mapped
2161,758,20,auto-mapped
2162,759,9,auto-mapped
2163,759,24,auto-mapped
2164,760,8,auto-mapped
2165,760,22,auto-mapped
2166,761,1,auto-mapped
2167,761,3,auto-mapped
2168,761,8,auto-mapped
2169,761,22,auto-mapped
2170,762,2,auto-mapped
2171,762,9,auto-mapped
2172,762,22,auto-mapped
2173,763,2,auto-mapped
2174,763,3,auto-mapped
2175,763,10,auto-mapped
2176,764,3,auto-mapped
2177,764,16,auto-mapped
2178,765,1,auto-mapped
2179,765,5,auto-mapped
2180,765,6,auto-mapped
2181,765,10,auto-mapped
2182,766,2,auto-mapped
2183,766,3,auto-mapped
2184,766,10,auto-mapped
2185,766,18,auto-mapped
2186,767,7,auto-mapped
2187,767,8,auto-mapped
2188,767,10,auto-mapped
2189,768,17,auto-mapped
2190,768,18,auto-mapped
2191,769,10,auto-mapped
2192,769,16,auto-mapped
2193,770,6,auto-mapped
2194,770,23,auto-mapped
2195,770,24,auto-mapped
2196,771,10,auto-mapped
2197,771,16,auto-mapped
2198,772,6,auto-mapped
2199,772,23,auto-mapped
2200,772,24,auto-mapped
2201,773,16,auto-mapped
2202,773,17,auto-mapped
2203,774,4,auto-mapped
2204,774,24,auto-mapped
2205,775,4,auto-mapped
2206,775,23,auto-mapped
2207,776,8,auto-mapped
2208,776,9,auto-mapped
2209,776,22,auto-mapped
2210,777,12,auto-mapped
2211,777,13,auto-mapped
2212,778,8,auto-mapped
2213,778,9,auto-mapped
2214,778,22,auto-mapped
2215,779,10,auto-mapped
2216,779,16,auto-mapped
2217,780,1,auto-mapped
2218,780,3,auto-mapped
2219,780,8,auto-mapped
2220,780,22,auto-mapped
2221,781,2,auto-mapped
2222,781,9,auto-mapped
2223,781,22,auto-mapped
2224,782,2,auto-mapped
2225,782,3,auto-mapped
2226,782,10,auto-mapped
2227,783,2,auto-mapped
2228,783,3,auto-mapped
2229,783,10,auto-mapped
2230,783,18,auto-mapped
2231,784,7,auto-mapped
2232,784,8,auto-mapped
2233,784,10,auto-mapped
2234,785,17,auto-mapped
2235,785,18,auto-mapped
2236,786,4,auto-mapped
2237,786,18,auto-mapped
2238,787,2,auto-mapped
2239,787,3,auto-mapped
2240,787,10,auto-mapped
2241,787,18,auto-mapped
2242,788,3,auto-mapped
2243,788,15,auto-mapped
2244,789,16,auto-mapped
2245,789,17,auto-mapped
2246,790,4,auto-mapped
2247,790,24,auto-mapped
2248,791,4,auto-mapped
2249,791,23,auto-mapped
2250,792,1,auto-mapped
2251,792,5,auto-mapped
2252,792,6,auto-mapped
2253,792,10,auto-mapped
2254,793,6,auto-mapped
2255,793,23,auto-mapped
2256,793,24,auto-mapped
2257,794,2,auto-mapped
2258,794,3,auto-mapped
2259,794,10,auto-mapped
2260,794,18,auto-mapped
2261,795,7,auto-mapped
2262,795,8,auto-mapped
2263,795,10,auto-mapped
2264,796,4,auto-mapped
2265,796,13,auto-mapped
2266,797,1,auto-mapped
2267,797,2,auto-mapped
2268,797,3,auto-mapped
2269,797,5,auto-mapped
2270,797,6,auto-mapped
2271,797,10,auto-mapped
2272,798,2,auto-mapped
2273,798,3,auto-mapped
2274,798,10,auto-mapped
2275,798,18,auto-mapped
2276,799,1,auto-mapped
2277,799,5,auto-mapped
2278,799,6,auto-mapped
2279,799,10,auto-mapped
2280,800,19,auto-mapped
2281,800,22,auto-mapped
2282,801,8,auto-mapped
2283,801,9,auto-mapped
2284,801,22,auto-mapped
2285,802,12,auto-mapped
2286,802,14,auto-mapped
2287,803,2,auto-mapped
2288,803,9,auto-mapped
2289,803,22,auto-mapped
2290,804,2,auto-mapped
2291,804,4,auto-mapped
2292,804,11,auto-mapped
2293,805,1,auto-mapped
2294,805,5,auto-mapped
2295,805,6,auto-mapped
2296,805,10,auto-mapped
2297,806,4,auto-mapped
2298,806,13,auto-mapped
2299,807,6,auto-mapped
2300,807,23,auto-mapped
2301,807,24,auto-mapped
2302,808,2,auto-mapped
2303,808,3,auto-mapped
2304,808,10,auto-mapped
2305,808,18,auto-mapped
2306,809,21,auto-mapped
2307,809,24,auto-mapped
2308,810,8,auto-mapped
2309,810,21,auto-mapped
2310,811,7,auto-mapped
2311,811,8,auto-mapped
2312,811,10,auto-mapped
2313,812,2,auto-mapped
2314,812,3,auto-mapped
2315,812,10,auto-mapped
2316,812,18,auto-mapped
2317,813,13,auto-mapped
2318,813,24,auto-mapped
2319,814,6,auto-mapped
2320,814,23,auto-mapped
2321,814,24,auto-mapped
2322,815,1,auto-mapped
2323,815,5,auto-mapped
2324,815,6,auto-mapped
2325,815,10,auto-mapped
2326,816,1,auto-mapped
2327,816,5,auto-mapped
2328,816,6,auto-mapped
2329,816,19,auto-mapped
2330,817,1,auto-mapped
2331,817,5,auto-mapped
2332,817,6,auto-mapped
2333,817,19,auto-mapped
2334,818,3,auto-mapped
2335,818,10,auto-mapped
2336,819,2,auto-mapped
2337,819,9,auto-mapped
2338,819,22,auto-mapped
2339,820,10,auto-mapped
2340,820,16,auto-mapped
2341,821,1,auto-mapped
2342,821,23,auto-mapped
2343,822,2,auto-mapped
2344,822,4,auto-mapped
2345,822,11,auto-mapped
2346,823,2,auto-mapped
2347,823,4,auto-mapped
2348,823,6,auto-mapped
2349,823,11,auto-mapped
2350,823,23,auto-mapped
2351,823,24,auto-mapped
2352,824,1,auto-mapped
2353,824,5,auto-mapped
2354,824,6,auto-mapped
2355,824,19,auto-mapped
2356,825,2,auto-mapped
2357,825,4,auto-mapped
2358,825,11,auto-mapped
2359,826,2,auto-mapped
2360,826,9,auto-mapped
2361,826,22,auto-mapped
2362,827,1,auto-mapped
2363,827,12,auto-mapped
2364,827,19,auto-mapped
2365,828,1,auto-mapped
2366,828,5,auto-mapped
2367,828,6,auto-mapped
2368,828,10,auto-mapped
2369,829,10,auto-mapped
2370,829,25,auto-mapped
2371,830,1,auto-mapped
2372,830,21,auto-mapped
2373,831,1,auto-mapped
2374,831,13,auto-mapped
2375,831,19,auto-mapped
2376,832,6,auto-mapped
2377,832,23,auto-mapped
2378,832,24,auto-mapped
2379,833,1,auto-mapped
2380,833,5,auto-mapped
2381,833,6,auto-mapped
2382,833,19,auto-mapped
2383,834,1,auto-mapped
2384,834,5,auto-mapped
2385,834,6,auto-mapped
2386,834,19,auto-mapped
2387,835,3,auto-mapped
2388,835,10,auto-mapped
2389,836,2,auto-mapped
2390,836,9,auto-mapped
2391,836,22,auto-mapped
2392,837,10,auto-mapped
2393,837,16,auto-mapped
2394,838,1,auto-mapped
2395,838,23,auto-mapped
2396,839,2,auto-mapped
2397,839,4,auto-mapped
2398,839,11,auto-mapped
2399,840,2,auto-mapped
2400,840,4,auto-mapped
2401,840,6,auto-mapped
2402,840,11,auto-mapped
2403,840,23,auto-mapped
2404,840,24,auto-mapped
2405,841,1,auto-mapped
2406,841,5,auto-mapped
2407,841,6,auto-mapped
2408,841,19,auto-mapped
2409,842,2,auto-mapped
2410,842,4,auto-mapped
2411,842,11,auto-mapped
2412,843,2,auto-mapped
2413,843,9,auto-mapped
2414,843,22,auto-mapped
2415,844,2,auto-mapped
2416,844,3,auto-mapped
2417,844,10,auto-mapped
2418,844,18,auto-mapped
2419,845,1,auto-mapped
2420,845,5,auto-mapped
2421,845,6,auto-mapped
2422,845,10,auto-mapped
2423,846,19,auto-mapped
2424,846,22,auto-mapped
2425,847,10,auto-mapped
2426,847,16,auto-mapped
2427,848,2,auto-mapped
2428,848,3,auto-mapped
2429,848,10,auto-mapped
2430,848,18,auto-mapped
2431,849,1,auto-mapped
2432,849,21,auto-mapped
2433,850,6,auto-mapped
2434,850,23,auto-mapped
2435,850,24,auto-mapped
2436,851,1,auto-mapped
2437,851,13,auto-mapped
2438,851,19,auto-mapped
2439,852,6,auto-mapped
2440,852,23,auto-mapped
2441,852,24,auto-mapped
2442,853,1,auto-mapped
2443,853,5,auto-mapped
2444,853,6,auto-mapped
2445,853,19,auto-mapped
2446,854,1,auto-mapped
2447,854,5,auto-mapped
2448,854,6,auto-mapped
2449,854,19,auto-mapped
2450,855,3,auto-mapped
2451,855,10,auto-mapped
2452,856,2,auto-mapped
2453,856,9,auto-mapped
2454,856,22,auto-mapped
2455,857,10,auto-mapped
2456,857,16,auto-mapped
2457,858,1,auto-mapped
2458,858,23,auto-mapped
2459,859,2,auto-mapped
2460,859,4,auto-mapped
2461,859,11,auto-mapped
2462,860,2,auto-mapped
2463,860,4,auto-mapped
2464,860,6,auto-mapped
2465,860,11,auto-mapped
2466,860,23,auto-mapped
2467,860,24,auto-mapped
2468,861,1,auto-mapped
2469,861,5,auto-mapped
2470,861,6,auto-mapped
2471,861,19,auto-mapped
2472,862,2,auto-mapped
2473,862,4,auto-mapped
2474,862,11,auto-mapped
2475,863,2,auto-mapped
2476,863,9,auto-mapped
2477,863,22,auto-mapped
2478,864,2,auto-mapped
2479,864,3,auto-mapped
2480,864,10,auto-mapped
2481,864,18,auto-mapped
2482,865,1,auto-mapped
2483,865,5,auto-mapped
2484,865,6,auto-mapped
2485,865,10,auto-mapped
2486,866,19,auto-mapped
2487,866,22,auto-mapped
2488,867,4,auto-mapped
2489,867,18,auto-mapped
2490,868,3,auto-mapped
2491,868,16,auto-mapped
2492,869,7,auto-mapped
2493,869,16,auto-mapped
2494,870,6,auto-mapped
2495,870,23,auto-mapped
2496,870,24,auto-mapped
2497,871,10,auto-mapped
2498,871,16,auto-mapped
2499,872,2,auto-mapped
2500,872,3,auto-mapped
2501,872,10,auto-mapped
2502,872,18,auto-mapped
2503,873,1,auto-mapped
2504,873,5,auto-mapped
2505,873,6,auto-mapped
2506,873,10,auto-mapped
2507,874,19,auto-mapped
2508,874,22,auto-mapped
2509,875,7,auto-mapped
2510,875,8,auto-mapped
2511,875,20,auto-mapped
2512,876,8,auto-mapped
2513,876,9,auto-mapped
2514,876,22,auto-mapped
2515,877,2,auto-mapped
2516,877,8,auto-mapped
2517,877,9,auto-mapped
2518,877,15,auto-mapped
2519,878,7,auto-mapped
2520,878,16,auto-mapped
2521,879,1,auto-mapped
2522,879,3,auto-mapped
2523,879,8,auto-mapped
2524,879,22,auto-mapped
2525,880,2,auto-mapped
2526,880,3,auto-mapped
2527,880,10,auto-mapped
2528,881,2,auto-mapped
2529,881,3,auto-mapped
2530,881,10,auto-mapped
2531,881,18,auto-mapped
2532,882,7,auto-mapped
2533,882,8,auto-mapped
2534,882,10,auto-mapped
2535,883,2,auto-mapped
2536,883,3,auto-mapped
2537,883,10,auto-mapped
2538,883,18,auto-mapped
2539,884,7,auto-mapped
2540,884,8,auto-mapped
2541,884,10,auto-mapped
2542,885,8,auto-mapped
2543,885,9,auto-mapped
2544,885,22,auto-mapped
2545,886,10,auto-mapped
2546,886,16,auto-mapped
2547,887,6,auto-mapped
2548,887,23,auto-mapped
2549,887,24,auto-mapped
2550,888,10,auto-mapped
2551,888,16,auto-mapped
2552,889,2,auto-mapped
2553,889,3,auto-mapped
2554,889,10,auto-mapped
2555,889,18,auto-mapped
2556,890,1,auto-mapped
2557,890,5,auto-mapped
2558,890,6,auto-mapped
2559,890,10,auto-mapped
2560,891,6,auto-mapped
2561,891,8,auto-mapped
2562,892,2,auto-mapped
2563,892,4,auto-mapped
2564,892,11,auto-mapped
2565,893,2,auto-mapped
2566,893,3,auto-mapped
2567,893,10,auto-mapped
2568,893,18,auto-mapped
2569,894,7,auto-mapped
2570,894,8,auto-mapped
2571,894,10,auto-mapped
2572,895,8,auto-mapped
2573,895,9,auto-mapped
2574,895,22,auto-mapped
2575,896,4,auto-mapped
2576,897,6,auto-mapped
2577,897,23,auto-mapped
2578,897,24,auto-mapped
2579,898,10,auto-mapped
2580,898,16,auto-mapped
2581,899,2,auto-mapped
2582,899,3,auto-mapped
2583,899,10,auto-mapped
2584,899,18,auto-mapped
2585,900,1,auto-mapped
2586,900,5,auto-mapped
2587,900,6,auto-mapped
2588,900,10,auto-mapped
2589,901,6,auto-mapped
2590,901,8,auto-mapped
2591,902,2,auto-mapped
2592,902,4,auto-mapped
2593,902,11,auto-mapped
2594,903,2,auto-mapped
2595,903,3,auto-mapped
2596,903,10,auto-mapped
2597,903,18,auto-mapped
2598,904,7,auto-mapped
2599,904,8,auto-mapped
2600,904,10,auto-mapped
2601,905,8,auto-mapped
2602,905,9,auto-mapped
2603,905,22,auto-mapped
2604,906,4,auto-mapped
2605,907,2,auto-mapped
2606,907,4,auto-mapped
2607,907,11,auto-mapped
2608,908,2,auto-mapped
2609,908,4,auto-mapped
2610,908,6,auto-mapped
2611,908,11,auto-mapped
2612,908,23,auto-mapped
2613,908,24,auto-mapped
2614,909,1,auto-mapped
2615,909,5,auto-mapped
2616,909,6,auto-mapped
2617,909,19,auto-mapped
2618,910,2,auto-mapped
2619,910,4,auto-mapped
2620,910,11,auto-mapped
2621,911,2,auto-mapped
2622,911,9,auto-mapped
2623,911,22,auto-mapped
2624,912,1,auto-mapped
2625,912,5,auto-mapped
2626,912,6,auto-mapped
2627,912,19,auto-mapped
2628,913,1,auto-mapped
2629,913,5,auto-mapped
2630,913,6,auto-mapped
2631,913,19,auto-mapped
2632,914,3,auto-mapped
2633,914,10,auto-mapped
2634,915,2,auto-mapped
2635,915,9,auto-mapped
2636,915,22,auto-mapped
2637,916,10,auto-mapped
2638,916,16,auto-mapped
2639,917,1,auto-mapped
2640,917,23,auto-mapped
2641,918,2,auto-mapped
2642,918,3,auto-mapped
2643,918,10,auto-mapped
2644,918,18,auto-mapped
2645,919,7,auto-mapped
2646,919,8,auto-mapped
2647,919,10,auto-mapped
2648,920,2,auto-mapped
2649,920,3,auto-mapped
2650,920,10,auto-mapped
2651,920,18,auto-mapped
2652,921,7,auto-mapped
2653,921,8,auto-mapped
2654,921,10,auto-mapped
2655,922,3,auto-mapped
2656,922,16,auto-mapped
2657,923,2,auto-mapped
2658,923,3,auto-mapped
2659,923,10,auto-mapped
2660,923,18,auto-mapped
2661,924,1,auto-mapped
2662,924,13,auto-mapped
2663,924,19,auto-mapped
2664,925,5,auto-mapped
2665,925,13,auto-mapped
2666,926,2,auto-mapped
2667,926,4,auto-mapped
2668,926,11,auto-mapped
2669,927,2,auto-mapped
2670,927,4,auto-mapped
2671,927,6,auto-mapped
2672,927,11,auto-mapped
2673,927,23,auto-mapped
2674,927,24,auto-mapped
2675,928,1,auto-mapped
2676,928,5,auto-mapped
2677,928,6,auto-mapped
2678,928,19,auto-mapped
2679,929,2,auto-mapped
2680,929,4,auto-mapped
2681,929,11,auto-mapped
2682,930,2,auto-mapped
2683,930,9,auto-mapped
2684,930,22,auto-mapped
2685,931,1,auto-mapped
2686,931,5,auto-mapped
2687,931,6,auto-mapped
2688,931,19,auto-mapped
2689,932,1,auto-mapped
2690,932,5,auto-mapped
2691,932,6,auto-mapped
2692,932,19,auto-mapped
2693,933,3,auto-mapped
2694,933,10,auto-mapped
2695,934,2,auto-mapped
2696,934,9,auto-mapped
2697,934,22,auto-mapped
2698,935,10,auto-mapped
2699,935,16,auto-mapped
2700,936,1,auto-mapped
2701,936,23,auto-mapped
2702,937,4,auto-mapped
2703,937,18,auto-mapped
2704,938,4,auto-mapped
2705,938,18,auto-mapped
2706,939,3,auto-mapped
2707,939,16,auto-mapped
2708,940,2,auto-mapped
2709,940,3,auto-mapped
2710,940,10,auto-mapped
2711,940,18,auto-mapped
2712,941,1,auto-mapped
2713,941,13,auto-mapped
2714,941,19,auto-mapped
2715,942,5,auto-mapped
2716,942,13,auto-mapped
2717,943,4,auto-mapped
2718,943,18,auto-mapped
2719,944,2,auto-mapped
2720,944,8,auto-mapped
2721,944,9,auto-mapped
2722,944,15,auto-mapped
2723,945,2,auto-mapped
2724,945,3,auto-mapped
2725,945,10,auto-mapped
2726,945,18,auto-mapped
2727,946,2,auto-mapped
2728,946,8,auto-mapped
2729,946,9,auto-mapped
2730,946,15,auto-mapped
2731,947,2,auto-mapped
2732,947,3,auto-mapped
2733,947,10,auto-mapped
2734,947,18,auto-mapped
2735,948,1,auto-mapped
2736,948,3,auto-mapped
2737,948,8,auto-mapped
2738,948,22,auto-mapped
2739,949,2,auto-mapped
2740,949,9,auto-mapped
2741,949,22,auto-mapped
2742,950,2,auto-mapped
2743,950,3,auto-mapped
2744,950,10,auto-mapped
2745,951,7,auto-mapped
2746,951,8,auto-mapped
2747,951,10,auto-mapped
2748,952,6,auto-mapped
2749,952,8,auto-mapped
2750,953,10,auto-mapped
2751,953,16,auto-mapped
2752,954,4,auto-mapped
2753,954,24,auto-mapped
2754,955,1,auto-mapped
2755,955,13,auto-mapped
2756,955,19,auto-mapped
2757,956,1,auto-mapped
2758,956,5,auto-mapped
2759,956,6,auto-mapped
2760,956,19,auto-mapped
2761,957,2,auto-mapped
2762,957,8,auto-mapped
2763,957,9,auto-mapped
2764,957,15,auto-mapped
2765,958,7,auto-mapped
2766,958,8,auto-mapped
2767,958,20,auto-mapped
2768,959,8,auto-mapped
2769,959,25,auto-mapped
2770,960,7,auto-mapped
2771,960,8,auto-mapped
2772,960,20,auto-mapped
2773,961,1,auto-mapped
2774,961,3,auto-mapped
2775,961,8,auto-mapped
2776,961,22,auto-mapped
2777,962,2,auto-mapped
2778,962,9,auto-mapped
2779,962,22,auto-mapped
2780,963,2,auto-mapped
2781,963,3,auto-mapped
2782,963,10,auto-mapped
2783,964,1,auto-mapped
2784,964,5,auto-mapped
2785,964,6,auto-mapped
2786,964,10,auto-mapped
2787,965,2,auto-mapped
2788,965,9,auto-mapped
2789,965,22,auto-mapped
2790,966,11,auto-mapped
2791,966,16,auto-mapped
2792,967,2,auto-mapped
2793,967,4,auto-mapped
2794,967,11,auto-mapped
2795,968,2,auto-mapped
2796,968,4,auto-mapped
2797,968,6,auto-mapped
2798,968,11,auto-mapped
2799,968,23,auto-mapped
2800,968,24,auto-mapped
2801,969,1,auto-mapped
2802,969,5,auto-mapped
2803,969,6,auto-mapped
2804,969,19,auto-mapped
2805,970,2,auto-mapped
2806,970,4,auto-mapped
2807,970,11,auto-mapped
2808,971,2,auto-mapped
2809,971,9,auto-mapped
2810,971,22,auto-mapped
2811,972,10,auto-mapped
2812,972,16,auto-mapped
2813,973,6,auto-mapped
2814,973,23,auto-mapped
2815,973,24,auto-mapped
2816,974,1,auto-mapped
2817,974,13,auto-mapped
2818,974,19,auto-mapped
2819,975,2,auto-mapped
2820,975,3,auto-mapped
2821,975,10,auto-mapped
2822,975,18,auto-mapped
2823,976,2,auto-mapped
2824,976,3,auto-mapped
2825,976,10,auto-mapped
2826,976,18,auto-mapped
2827,977,7,auto-mapped
2828,977,8,auto-mapped
2829,977,10,auto-mapped
2830,978,8,auto-mapped
2831,978,9,auto-mapped
2832,978,22,auto-mapped
2833,979,10,auto-mapped
2834,979,16,auto-mapped
2835,980,1,auto-mapped
2836,980,13,auto-mapped
2837,981,2,auto-mapped
2838,981,3,auto-mapped
2839,981,10,auto-mapped
2840,981,18,auto-mapped
2841,982,19,auto-mapped
2842,982,25,auto-mapped
2843,983,3,auto-mapped
2844,983,16,auto-mapped
2845,984,1,auto-mapped
2846,984,5,auto-mapped
2847,984,6,auto-mapped
2848,984,10,auto-mapped
2849,985,10,auto-mapped
2850,985,16,auto-mapped
2851,986,6,auto-mapped
2852,986,23,auto-mapped
2853,986,24,auto-mapped
2854,987,1,auto-mapped
2855,987,13,auto-mapped
2856,987,19,auto-mapped
2857,988,2,auto-mapped
2858,988,3,auto-mapped
2859,988,10,auto-mapped
2860,988,18,auto-mapped
2861,989,8,auto-mapped
2862,989,9,auto-mapped
2863,989,22,auto-mapped
2864,990,10,auto-mapped
2865,990,16,auto-mapped
2866,991,1,auto-mapped
2867,991,13,auto-mapped
2868,992,2,auto-mapped
2869,992,3,auto-mapped
2870,992,10,auto-mapped
2871,992,18,auto-mapped
2872,993,7,auto-mapped
2873,993,8,auto-mapped
2874,993,10,auto-mapped
2875,994,4,auto-mapped
2876,994,18,auto-mapped
